ID-persona,Nombre,Primer-Apellido,Segundo-Apellido,Email 
1,Alejandro,Smith,González,asmithgonzalez@example.com
2,Sofía,Johnson,Rodríguez,sjohnsonrodriguez@example.com
3,Juan,Williams,García,jwilliamsgarcia@example.com
4,Valentina,Jones,López,vjoneslopez@example.com
5,Pedro,Brown,Martínez,pbrownmartinez@example.com
6,Camila,Davis,Pérez,cdavisperez@example.com
7,Carlos,Miller,Sánchez,cmillersanchez@example.com
8,Isabella,Wilson,Romero,iwilsonromero@example.com
9,Andrés,Moore,Flores,amooreflores@example.com
10,Valeria,Taylor,Morales,vtmorales@example.com
11,Manuel,Anderson,Rivera,mandersonrivera@example.com
12,Gabriela,Thomas,Gómez,gthomasgomez@example.com
13,Luis,Jackson,Torres,ljacksontorres@example.com
14,Natalia,White,Ramírez,nwhiteramirez@example.com
15,Miguel,Harris,Jiménez,mharrisjimenez@example.com
16,Lucía,Martin,Herrera,lmartinherrera@example.com
17,Daniel,Thompson,Medina,dthompsonmedina@example.com
18,María,Garcia,Vargas,mgarcia@example.com
19,Javier,Martinez,Castro,jmartinezcastro@example.com
20,Laura,Robinson,Silva,lrobinsonsilva@example.com
21,Sebastián,Clark,Castro,sclarkcastro@example.com
22,Paula,Rodriguez,Ruiz,prodriguezruiz@example.com
23,José,Lewis,Gonzales,jlewisgonzales@example.com
24,Antonia,Lee,Ríos,aleerios@example.com
25,Ricardo,Walker,Morales,rwalkermorales@example.com
26,Emma,Hall,Ortega,ehallortega@example.com
27,Fernando,Allen,Mendoza,fallenmendoza@example.com
28,Sara,Young,Castro,syoungcastro@example.com
29,Diego,Hernandez,Cortés,dhernandezcortes@example.com
30,Ana,King,Aguilar,akingaguilar@example.com
31,Guillermo,Wright,Delgado,gwrightdelgado@example.com
32,Mariana,Lopez,Figueroa,mlopezfigueroa@example.com
33,Eduardo,Hill,Pacheco,ehillpacheco@example.com
34,Jimena,Scott,Valenzuela,jscottvalenzuela@example.com
35,Raúl,Green,Rosales,rgreenrosales@example.com
36,Daniela,Adams,Esquivel,dadamsesquivel@example.com
37,Sergio,Baker,Paredes,sbakerparedes@example.com
38,Victoria,Gonzalez,Cordero,vgonzalezcordero@example.com
39,Oscar,Nelson,Miranda,onelsonmiranda@example.com
40,Catalina,Carter,Navarro,ccarternavarro@example.com
41,Ernesto,Mitchell,Peña,emitchellpena@example.com
42,Andrea,Perez,Espinoza,aperezespinoza@example.com
43,Jorge,Roberts,Rivas,jrobertsrivas@example.com
44,Martina,Turner,Estrada,mturnerestrada@example.com
45,Felipe,Phillips,Solís,fphillipssolis@example.com
46,Valentina,Campbell,Salgado,vcampbellsalgado@example.com
47,Mauricio,Parker,Herrera,mparkerherrera@example.com
48,Isabel,Evans,Castro,ievanscastro@example.com
49,Pablo,Edwards,Velasco,pedwardsvelasco@example.com
50,Gabriela,Collins,Reyes,gcollinsreyes@example.com
51,Ramón,Stewart,Zamora,rstewartzamora@example.com
52,Elena,Sanchez,Quintero,esanchezquintero@example.com
53,Mario,Morris,Ibarra,mmorrisibarra@example.com
54,Natalia,Rogers,Valencia,nrogersvalencia@example.com
55,Gabriel,Reed,Escobar,greedescobar@example.com
56,Carla,Cook,Chávez,ccookchavez@example.com
57,Ricardo,Morgan,Ochoa,rmorganochoa@example.com
58,Fernanda,Bell,Lozano,fbelllozano@example.com
59,Julián,Murphy,Cárdenas,jmurphycardenas@example.com
60,Alejandra,Bailey,Medina,abaileymedina@example.com
61,Antonio,Rivera,Ponce,ariveraponce@example.com
62,Lorena,Cooper,Huerta,lcooperhuerta@example.com
63,Arturo,Richardson,Miranda,arichardsonmiranda@example.com
64,Valeria,Cox,Sandoval,vcoxsandoval@example.com
65,Gonzalo,Howard,Cortez,ghowardcortez@example.com
66,Daniela,Ward,Molina,dwardmolina@example.com
67,Martín,Torres,Macías,mtorresmacias@example.com
68,Regina,Peterson,Montes,rpetersonmontes@example.com
69,Benjamín,Gray,Avila,bgrayavila@example.com
70,Patricia,Ramirez,Campos,pramirezcampos@example.com
71,Francisco,James,Segura,fjamessegura@example.com
72,Pamela,Watson,Arroyo,pwatsonarroyo@example.com
73,Ignacio,Brooks,Tapia,ibrookstapia@example.com
74,Renata,Kelly,Calderón,rkellycalderon@example.com
75,Héctor,Sanders,Acevedo,hsandersacevedo@example.com
76,Julieta,Price,Mora,jpricemora@example.com
77,René,Bennett,Andrade,rbennettandrade@example.com
78,Lorena,Wood,Villarreal,lwoodvillarreal@example.com
79,Alejandro,Barnes,Cervantes,abarnescervantes@example.com
80,Verónica,Ross,Osorio,vrossosorio@example.com
81,Israel,Henderson,Bautista,ihendersonbautista@example.com
82,Viviana,Coleman,Bernal,vcolemanbernal@example.com
83,Juan Carlos,Jenkins,Quiroz,jcjenkinsquiroz@example.com
84,Ivonne,Perry,Aldana,iperryaldana@example.com
85,Gustavo,Powell,Guzmán,gpowellguzman@example.com
86,Susana,Long,Verdugo,slongverdugo@example.com
87,Eduardo,Patterson,Delgado,epattersondelgado@example.com
88,Cecilia,Hughes,Cabrera,chughescabrera@example.com
89,Salvador,Flores,Cárdenas,sflorescardenas@example.com
90,Norma,Washington,Aguirre,nwashingtonaguirre@example.com
91,Víctor,Butler,Contreras,vbutlercontreras@example.com
92,Elizabeth,Simmons,Márquez,esimonsmarquez@example.com
93,César,Foster,Benavides,cfosterbenavides@example.com
94,Rosario,Gonzales,Loera,rgonzalesloera@example.com
95,Ricardo,Bryant,Pinto,rbryantpinto@example.com
96,Patricia,Alexander,Mejía,palexandermejia@example.com
97,Sergio,Russell,González,srussellgonzalez@example.com
98,Liliana,Griffin,Rodríguez,lgriffinrodriguez@example.com
99,Armando,Diaz,García,adiazgarcia@example.com
100,Marisol,Hayes,López,mhayeslopez@example.com
